<application>
  <component name="GitRememberedInputs">
    <option name="visitedUrls">
      <list>
        <UrlAndUserName>
          <option name="url" value="https://ge96xey@bitbucket.ase.in.tum.de/scm/EIST21L06E02/eist21l06e02-ge96xey.git" />
          <option name="userName" value="" />
        </UrlAndUserName>
        <UrlAndUserName>
          <option name="url" value="http://bitbucket.ase.in.tum.de" />
          <option name="userName" value="ge96xey" />
        </UrlAndUserName>
        <UrlAndUserName>
          <option name="url" value="https://ge96xey@bitbucket.ase.in.tum.de/scm/EIST21L06E03/eist21l06e03-ge96xey.git" />
          <option name="userName" value="" />
        </UrlAndUserName>
        <UrlAndUserName>
          <option name="url" value="https://ge96xey@bitbucket.ase.in.tum.de/scm/EIST21H05E01/eist21h05e01-ge96xey.git" />
          <option name="userName" value="" />
        </UrlAndUserName>
        <UrlAndUserName>
          <option name="url" value="https://ge96xey@bitbucket.ase.in.tum.de/scm/GAD21E05/gad21e05-ge96xey.git" />
          <option name="userName" value="" />
        </UrlAndUserName>
        <UrlAndUserName>
          <option name="url" value="https://ge96xey@bitbucket.ase.in.tum.de/scm/EIST21T02E04/eist21t02e04-do02zoebb.git" />
          <option name="userName" value="" />
        </UrlAndUserName>
        <UrlAndUserName>
          <option name="url" value="https://bitbucket.ase.in.tum.de/scm/eist21h02e03/eist21h02e03-ge96xey.git" />
          <option name="userName" value="" />
        </UrlAndUserName>
        <UrlAndUserName>
          <option name="url" value="https://ge96xey@bitbucket.ase.in.tum.de/scm/GAD21E06/gad21e06-ge96xey.git" />
          <option name="userName" value="" />
        </UrlAndUserName>
        <UrlAndUserName>
          <option name="url" value="https://ge96xey@bitbucket.ase.in.tum.de/scm/EIST21T03E01/eist21t03e01-do02zoebb.git" />
          <option name="userName" value="" />
        </UrlAndUserName>
        <UrlAndUserName>
          <option name="url" value="https://ge96xey@bitbucket.ase.in.tum.de/scm/EIST21L07E02/eist21l07e02-ge96xey.git" />
          <option name="userName" value="" />
        </UrlAndUserName>
        <UrlAndUserName>
          <option name="url" value="https://ge96xey@bitbucket.ase.in.tum.de/scm/EIST21L07E03/eist21l07e03-ge96xey.git" />
          <option name="userName" value="" />
        </UrlAndUserName>
        <UrlAndUserName>
          <option name="url" value="https://ge96xey@bitbucket.ase.in.tum.de/scm/EIST21H06E01/eist21h06e01-ge96xey.git" />
          <option name="userName" value="" />
        </UrlAndUserName>
        <UrlAndUserName>
          <option name="url" value="git@gitlab.lrz.de:00000000014AA190/eist21h02e03-ge96vir.git" />
          <option name="userName" value="" />
        </UrlAndUserName>
        <UrlAndUserName>
          <option name="url" value="https://gitlab.lrz.de/00000000014AA190/eist21h02e03-ge96vir.git" />
          <option name="userName" value="" />
        </UrlAndUserName>
        <UrlAndUserName>
          <option name="url" value="http://gitlab.lrz.de" />
          <option name="userName" value="ge96xey" />
        </UrlAndUserName>
        <UrlAndUserName>
          <option name="url" value="https://ge96xey@bitbucket.ase.in.tum.de/scm/GAD21E07/gad21e07-ge96xey.git" />
          <option name="userName" value="" />
        </UrlAndUserName>
        <UrlAndUserName>
          <option name="url" value="https://ge96xey@bitbucket.ase.in.tum.de/scm/EIST21H07E01/eist21h07e01-ge96xey.git" />
          <option name="userName" value="" />
        </UrlAndUserName>
        <UrlAndUserName>
          <option name="url" value="https://ge96xey@bitbucket.ase.in.tum.de/scm/EIST21L08E02/eist21l08e02-ge96xey.git" />
          <option name="userName" value="" />
        </UrlAndUserName>
        <UrlAndUserName>
          <option name="url" value="https://ge96xey@bitbucket.ase.in.tum.de/scm/EIST21L08E03/eist21l08e03-ge96xey.git" />
          <option name="userName" value="" />
        </UrlAndUserName>
        <UrlAndUserName>
          <option name="url" value="https://ge96xey@bitbucket.ase.in.tum.de/scm/EIST21T04E01/eist21t04e01-do02zoebb.git" />
          <option name="userName" value="" />
        </UrlAndUserName>
        <UrlAndUserName>
          <option name="url" value="https://ge96xey@bitbucket.ase.in.tum.de/scm/GAD21E08/gad21e08-ge96xey.git" />
          <option name="userName" value="" />
        </UrlAndUserName>
        <UrlAndUserName>
          <option name="url" value="https://ge96xey@bitbucket.ase.in.tum.de/scm/EIST21H08E01/eist21h08e01-ge96xey.git" />
          <option name="userName" value="" />
        </UrlAndUserName>
        <UrlAndUserName>
          <option name="url" value="https://ge96xey@bitbucket.ase.in.tum.de/scm/EIST21H08E02/eist21h08e02-ge96xey.git" />
          <option name="userName" value="" />
        </UrlAndUserName>
        <UrlAndUserName>
          <option name="url" value="https://ge96xey@bitbucket.ase.in.tum.de/scm/EIST21L10E03/eist21l10e03-ge96xey.git" />
          <option name="userName" value="" />
        </UrlAndUserName>
        <UrlAndUserName>
          <option name="url" value="https://ge96xey@bitbucket.ase.in.tum.de/scm/GAD21E09NEW/gad21e09new-ge96xey.git" />
          <option name="userName" value="" />
        </UrlAndUserName>
        <UrlAndUserName>
          <option name="url" value="https://ge96xey@bitbucket.ase.in.tum.de/scm/EIST21T05E01/eist21t05e01-do02zoebb.git" />
          <option name="userName" value="" />
        </UrlAndUserName>
        <UrlAndUserName>
          <option name="url" value="https://ge96xey@bitbucket.ase.in.tum.de/scm/EIST21L11E02/eist21l11e02-ge96xey.git" />
          <option name="userName" value="" />
        </UrlAndUserName>
        <UrlAndUserName>
          <option name="url" value="https://ge96xey@bitbucket.ase.in.tum.de/scm/EIST21L11E03/eist21l11e03-ge96xey.git" />
          <option name="userName" value="" />
        </UrlAndUserName>
        <UrlAndUserName>
          <option name="url" value="https://ge96xey@bitbucket.ase.in.tum.de/scm/GAD21E10/gad21e10-ge96xey.git" />
          <option name="userName" value="" />
        </UrlAndUserName>
        <UrlAndUserName>
          <option name="url" value="https://ge96xey@bitbucket.ase.in.tum.de/scm/EIST21TOE2TESTING/eist21toe2testing-ge96xey.git" />
          <option name="userName" value="" />
        </UrlAndUserName>
        <UrlAndUserName>
          <option name="url" value="https://ge96xey@bitbucket.ase.in.tum.de/scm/EIST21TOE2PROXY/eist21toe2proxy-ge96xey.git" />
          <option name="userName" value="" />
        </UrlAndUserName>
        <UrlAndUserName>
          <option name="url" value="https://ge96xey@bitbucket.ase.in.tum.de/scm/EIST21L12E02/eist21l12e02-ge96xey.git" />
          <option name="userName" value="" />
        </UrlAndUserName>
        <UrlAndUserName>
          <option name="url" value="https://ge96xey@bitbucket.ase.in.tum.de/scm/EIST21L12E03/eist21l12e03-ge96xey.git" />
          <option name="userName" value="" />
        </UrlAndUserName>
        <UrlAndUserName>
          <option name="url" value="https://ge96xey@bitbucket.ase.in.tum.de/scm/EIST21H11E01/eist21h11e01-ge96xey.git" />
          <option name="userName" value="" />
        </UrlAndUserName>
        <UrlAndUserName>
          <option name="url" value="https://ge96xey@bitbucket.ase.in.tum.de/scm/EIST21TESTINGOANIMALS/eist21testingoanimals-ge96xey.git" />
          <option name="userName" value="" />
        </UrlAndUserName>
        <UrlAndUserName>
          <option name="url" value="https://ge96xey@bitbucket.ase.in.tum.de/scm/EIST21OBJECTRDESIGN/eist21objectrdesign-ge96xey.git" />
          <option name="userName" value="" />
        </UrlAndUserName>
        <UrlAndUserName>
          <option name="url" value="https://ge96xey@bitbucket.ase.in.tum.de/scm/GAD21E12/gad21e12-ge96xey.git" />
          <option name="userName" value="" />
        </UrlAndUserName>
        <UrlAndUserName>
          <option name="url" value="https://ge96xey@bitbucket.ase.in.tum.de/scm/GAD21E11/gad21e11-ge96xey.git" />
          <option name="userName" value="" />
        </UrlAndUserName>
        <UrlAndUserName>
          <option name="url" value="ssh://git@bitbucket.ase.in.tum.de:7999/~ge96jox/numproginversesquareroot.git" />
          <option name="userName" value="" />
        </UrlAndUserName>
        <UrlAndUserName>
          <option name="url" value="https://ge96xey@bitbucket.ase.in.tum.de/scm/GBS2122FTTH/gbs2122ftth-gruppedo.git" />
          <option name="userName" value="" />
        </UrlAndUserName>
        <UrlAndUserName>
          <option name="url" value="ssh://git@bitbucket.ase.in.tum.de:7999/~ge96xey/bildinterpolation_fouriertransformation.git" />
          <option name="userName" value="" />
        </UrlAndUserName>
      </list>
    </option>
    <option name="cloneParentDir" value="$USER_HOME$/IdeaProjects" />
  </component>
  <component name="Vcs.Log.App.Settings">
    <option name="COLUMN_ID_ORDER">
      <list>
        <option value="Default.Root" />
        <option value="Default.Subject" />
        <option value="Default.Author" />
        <option value="Default.Date" />
        <option value="Space.CommitStatus" />
      </list>
    </option>
  </component>
  <component name="VcsApplicationSettings">
    <option name="COMMIT_FROM_LOCAL_CHANGES" value="true" />
  </component>
</application>